Table 3-31:  Approach 2 Quantitative Uncertainty Estimates for CH4 Emissions from Coal Mining (MMT CO2 Eq. and Percent) ,,,,,,,
,,,,,,,
,Source,Gas,2014 Emission Estimate,Uncertainty Range Relative to Emission Estimatea,,,
,,,(MMT CO2 Eq.),(MMT CO2 Eq.),,(%),
,,,,Lower,Upper,Lower,Upper
,,,,Bound,Bound,Bound,Bound
,Coal mining,CH4,67.6,59.9,77.4,-11.90%,15.30%
,a Range of emission estimates predicted by Monte Carlo stochastic simulation for a 95 percent confidence interval.,,,,,,
,Note: Emissions values are presented in CO2 equivalent mass units using IPCC AR4 GWP values.,,,,,,
