Table 3-14:  N2O Emissions from Mobile Combustion (MMT CO2 Eq.),,,,,,,,,,,,,,,,,,,,,,,,,,
,,,,,,,,,,,,,,,,,,,,,,,,,,
,Fuel Type/Vehicle Typea,1990,1991,1992,1993,1994,1995,1996,1997,1998,1999,2000,2001,2002,2003,2004,2005,2006,2007,2008,2009,2010,2011,2012,2013,2014
,Gasoline On-Roadb,37.5,39.5,42.3,44.3,45.9,47.1,48,48.9,49.2,46.1,44.5,40.8,37.8,34.7,32.5,29.9,27.7,23.7,21.6,20.4,19.2,18,15.7,13.8,12.1
,Passenger Cars,24.1,23.8,24.5,24.9,25.6,25.9,25.9,25.8,25.9,23.6,22.6,21.2,19.8,18.4,17.2,15.9,14.4,16.5,14.7,13.8,12.9,12.3,10.7,9.3,7.9
,Light-Duty Trucks,12.8,15.1,17.1,18.7,19.6,20.5,21.3,22.3,22.4,21.6,21.1,18.7,17.1,15.4,14.4,13.2,12.5,6.2,5.9,5.8,5.5,5,4.4,3.9,3.6
,Medium- and Heavy-Duty Trucks and Buses,0.5,0.6,0.6,0.6,0.7,0.7,0.7,0.8,0.9,0.9,0.9,0.9,0.9,0.9,0.8,0.8,0.7,0.9,0.9,0.8,0.8,0.7,0.6,0.6,0.5
,Motorcycles,+ ,+ ,+ ,+ ,+ ,+ ,+ ,+ ,+ ,+ ,+ ,+ ,+ ,+ ,+ ,+ ,+ ,+ ,+ ,+ ,+ ,+ ,+ ,+ ,+
,Diesel On-Roadb,0.2,0.2,0.2,0.2,0.2,0.2,0.3,0.3,0.3,0.3,0.3,0.3,0.3,0.3,0.3,0.3,0.3,0.4,0.4,0.4,0.4,0.4,0.4,0.4,0.4
,Passenger Cars,+ ,+ ,+ ,+ ,+ ,+ ,+ ,+ ,+ ,+ ,+ ,+ ,+ ,+ ,+ ,+ ,+ ,+ ,+ ,+ ,+ ,+ ,+ ,+ ,+
,Light-Duty Trucks,+ ,+ ,+ ,+ ,+ ,+ ,+ ,+ ,+ ,+ ,+ ,+ ,+ ,+ ,+ ,+ ,+ ,+ ,+ ,+ ,+ ,+ ,+ ,+ ,+
,Medium- and Heavy-Duty   Trucks and Buses,0.2,0.2,0.2,0.2,0.2,0.2,0.2,0.3,0.3,0.3,0.3,0.3,0.3,0.3,0.3,0.3,0.3,0.4,0.4,0.4,0.4,0.4,0.4,0.4,0.4
,Alternative Fuel On-Roadc,+ ,+ ,+ ,+ ,+ ,+ ,+ ,+ ,+ ,+ ,+ ,+ ,+ ,+ ,+ ,+ ,+ ,+ ,+ ,+ ,+ ,0.1,0.1,0.1,0.1
,Non-Roadd,3.5,3.3,3.6,3.6,3.7,3.8,3.9,3.7,3.6,3.8,4.2,3.9,4,3.8,4,4.1,4.2,4.2,4,3.7,4,4,3.9,3.9,3.8
,Ships and Boats,0.6,0.5,0.7,0.7,0.7,0.8,0.7,0.5,0.4,0.5,0.8,0.5,0.6,0.5,0.5,0.6,0.6,0.7,0.6,0.5,0.8,0.8,0.7,0.7,0.5
,Raile,0.3,0.3,0.3,0.3,0.3,0.3,0.3,0.3,0.3,0.3,0.3,0.3,0.3,0.3,0.4,0.3,0.4,0.4,0.4,0.3,0.3,0.3,0.3,0.3,0.3
,Aircraft ,1.7,1.6,1.6,1.6,1.7,1.6,1.7,1.7,1.8,1.8,1.8,1.8,1.7,1.7,1.7,1.8,1.7,1.7,1.6,1.4,1.4,1.4,1.3,1.4,1.4
,Agricultural Equipmentf,0.2,0.2,0.2,0.3,0.3,0.3,0.3,0.3,0.3,0.3,0.3,0.3,0.3,0.3,0.3,0.4,0.4,0.4,0.3,0.4,0.4,0.4,0.4,0.4,0.4
,Construction/Mining Equipmentg,0.3,0.3,0.3,0.3,0.4,0.4,0.4,0.4,0.4,0.4,0.4,0.4,0.5,0.5,0.5,0.5,0.5,0.5,0.5,0.5,0.6,0.6,0.6,0.6,0.6
,Otherh,0.4,0.4,0.4,0.4,0.4,0.5,0.5,0.5,0.5,0.5,0.5,0.5,0.5,0.6,0.6,0.6,0.6,0.6,0.6,0.6,0.6,0.6,0.6,0.6,0.6
,Total,41.2,43.1,46.1,48.1,49.9,51.2,52.2,52.9,53.1,50.2,49,45,42.1,38.9,36.8,34.4,32.2,28.4,26.1,24.6,23.6,22.4,20,18.2,16.3
,+ Does not exceed 0.05 MMT CO2 Eq.,,,,,,,,,,,,,,,,,,,,,,,,,
,a See Annex 3.2 for definitions of on-road vehicle types. ,,,,,,,,,,,,,,,,,,,,,,,,,
,"b Gasoline and diesel highway vehicle mileage are based on data from FHWA Highway Statistics Table VM-1 (FHWA 1996 through 2015). These mileage consumption estimates are combined with estimates of fuel shares by vehicle type from DOE�s TEDB Annex Tables A.1 through A.6 (DOE 1993 through 2015).  TEDB data for 2014 has not been published yet, therefore 2013 data is used as a proxy.",,,,,,,,,,,,,,,,,,,,,,,,,
,"c In 2015, EIA changed its methods for estimating AFV fuel consumption. These methodological changes included how vehicle counts are estimated, moving from estimates based on modeling to one that is based on survey data.  EIA now publishes data about fuel use and number of vehicles for only four types of AFV fleets: federal government, state government, transit agencies, and fuel providers. These changes were first incorporated in the current Inventory and apply to the 1990 through 2014 time period. This resulted in large reductions in AFV VMT, thus leading to a shift in VMT to conventional on-road vehicle classes.",,,,,,,,,,,,,,,,,,,,,,,,,
,"d In 2015, EPA incorporated the NONROAD2008 model into MOVES2014. The current Inventory uses the NONROAD component of MOVES2014a for years 1999 through 2014.  This update resulted in small changes (less than two percent) to the 1999 through 2013 time series for NONROAD fuel consumption due to differences in the gasoline and diesel default fuel densities used within the model iterations.",,,,,,,,,,,,,,,,,,,,,,,,,
,"e Rail emissions do not include emissions from electric powered locomotives. Class II and Class III diesel consumption data for 2014 is not available yet, therefore 2013 data is used as a proxy.  ",,,,,,,,,,,,,,,,,,,,,,,,,
,"f Includes equipment, such as tractors and combines, as well as fuel consumption from trucks that are used off-road in agriculture.",,,,,,,,,,,,,,,,,,,,,,,,,
,"g Includes equipment, such as cranes, dumpers, and excavators, as well as fuel consumption from trucks that are used off-road in construction.",,,,,,,,,,,,,,,,,,,,,,,,,
,"h �Other"" includes snowmobiles and other recreational equipment, logging equipment, lawn and garden equipment, railroad equipment, airport equipment, commercial equipment, and industrial equipment, as well as fuel consumption from trucks that are used off-road for commercial/industrial purposes.",,,,,,,,,,,,,,,,,,,,,,,,,
,"Notes: In 2011, FHWA changed its methods for estimating vehicle miles traveled (VMT) and related data. These methodological changes included how vehicles are classified, moving from a system based on body type to one that is based on wheelbase.  These changes were first incorporated for the 1990 through 2010 Inventory and apply to the 2007 through 2014 time period. This resulted in large changes in VMT and fuel consumption data by vehicle class, thus leading to a shift in emissions among on-road vehicle classes. Totals may not sum due to independent rounding.",,,,,,,,,,,,,,,,,,,,,,,,,
