Table 3-35:  Approach 2 Quantitative Uncertainty Estimates for CH4 Emissions from Abandoned Underground Coal Mines (MMT CO2 Eq. and Percent) ,,,,,,,
,,,,,,,
,Source,Gas,2014 Emission Estimate,Uncertainty Range Relative to Emission Estimatea,,,
,,,(MMT CO2 Eq.),(MMT CO2 Eq.),,(%),
,,,,Lower,Upper,Lower,Upper
,,,,Bound,Bound,Bound,Bound
,Abandoned Underground Coal Mines,CH4,6.3,5.2,7.9,-18%,24%
,a Range of emission estimates predicted by Monte Carlo Simulation for a 95 percent confidence interval.,,,,,,
