Table 7-5:  Approach 2 Quantitative Uncertainty Estimates for CH4 Emissions from Landfills (MMT CO2 Eq. and Percent),,,,,,,
,,,,,,,
,Source,Gas,2014 Emission Estimate,Uncertainty Range Relative to Emission Estimatea,,,
,,,(MMT CO2 Eq.),(MMT CO2 Eq.),,(%),
,,,,Lower,Upper,Lower,Upper
,,,,Bound,Bound,Bound,Bound
,Landfills,CH4,148,86.4,230,-38%,64%
,  MSW,CH4,133,72.5,216.7,-42%,73%
,  Industrial,CH4,15,10.4,18.7,-30%,25%
,a Range of emission estimates predicted by Monte Carlo Stochastic Simulation for a 95 percent confidence interval.,,,,,,
