Table 4-83:  SF6 Emission Factors (kg SF6 per metric ton of magnesium),,,,,
,,,,,
,Year,Die Castinga,Permanent Mold,Wrought,Anodes
,1999,2.14b,2,1,1
,2000,0.72,2,1,1
,2001,0.72,2,1,1
,2002,0.71,2,1,1
,2003,0.81,2,1,1
,2004,0.79,2,1,1
,2005,0.77,2,1,1
,2006,0.88,2,1,1
,2007,0.64,2,1,1
,2008,0.1,2,1,1
,2009,2.3,2,1,1
,2010,2.94,2,1,1
,"a Weighted average includes all die casters, Partners and non-Partners.  For the majority of the time series (2000-2007), Partners made up 100 percent of die casters in the United States.",,,,
,b Weighted average that includes an estimated emission factor of 5.2 kg SF6 per metric ton of magnesium for die casters that do not participate in the Partnership.,,,,
