Table 4-102:  Transmission Mile Coverage and Regression Coefficients for Large and Non-Large Utilities ,,,,,,,,,,
,,,,,,,,,,
,Non-large,,,,,Large,,,,
,1999,2011,2012,2013,2014,1999,2011,2012,2013,2014
Percentage of Miles Covered by Reporters ,31,45,44,47,51,86,97,88,83,86
Regression Coefficienta ,0.89,0.33,0.23,0.22,0.26,0.58,0.26,0.22,0.22,0.22
a Regression coefficient is defined as emissions (in kg) divided by transmission miles.,,,,,,,,,,
"Note: �Non-large� represents reporters with fewer than 10,000 transmission miles. ",,,,,,,,,,
