Table 4-31:  Approach 2 Quantitative Uncertainty Estimates for N2O Emissions from Adipic Acid Production (MMT CO2 Eq. and Percent),,,,,,,,
,,,,,,,,
,Source,Gas,2014 Emission Estimate,,Uncertainty Range Relative to Emission Estimatea,,,
,,,(MMT CO2 Eq.),,(MMT CO2 Eq.),,(%),
,,,,,Lower Bound,Upper Bound,Lower Bound,Upper Bound
,Adipic Acid Production,N2O,5.4,,5.2,5.6,-4%,4%
,a Range of emission estimates predicted by Monte Carlo Stochastic Simulation for a 95 percent confidence interval.,,,,,,,
