Table 4-17:  Approach 2 Quantitative Uncertainty Estimates for CO2 Emissions from Other Process Uses of Carbonates (MMT CO2 Eq. and Percent) ,,,,,,,
,,,,,,,
,Source,Gas,2014 Emission Estimate,Uncertainty Range Relative to Emission Estimatea,,,
,,,(MMT CO2 Eq.),(MMT CO2 Eq.),,(%),
,,,,Lower Bound,Upper Bound,Lower Bound,Upper Bound
,Other Process Uses of Carbonates,CO2,12.1,10.7,14,-12%,15%
,a Range of emission estimates predicted by Monte Carlo Stochastic Simulation for a 95 percent confidence interval.,,,,,,
