Table 4-35:  Approach 2 Quantitative Uncertainty Estimates for CH4 and CO2 Emissions from Silicon Carbide Production and Consumption (MMT CO2 Eq. and Percent) ,,,,,,,
,,,,,,,
,Source,Gas,2014 Emission Estimate,Uncertainty Range Relative to Emission Estimatea,,,
,,,(MMT CO2 Eq.),(MMT CO2 Eq.),,(%),
,,,,Lower Bound,Upper Bound,Lower Bound,Upper Bound
,Silicon Carbide Production and Consumption,CO2,0.17,0.16,0.19,-9%,9%
,Silicon Carbide Production,CH4,+,+,+,-9%,10%
,+ Does not exceed 0.05 MMT CO2 Eq. ,,,,,,
,a Range of emission estimates predicted by Monte Carlo Stochastic Simulation for a 95 percent confidence interval.,,,,,,
