Table 4-38:  Approach 2 Quantitative Uncertainty Estimates for CO2 Emissions from Titanium Dioxide Production (MMT CO2 Eq. and Percent) ,,,,,,,
,,,,,,,
,Source,Gas,2014 Emission Estimate,Uncertainty Range Relative to Emission Estimatea,,,
,,,(MMT CO2 Eq.),(MMT CO2 Eq.),,(%),
,,,,Lower Bound,Upper Bound,Lower Bound,Upper Bound
,Titanium Dioxide Production,CO2,1.8,1.5,2,-12%,13%
,a Range of emission estimates predicted by Monte Carlo Stochastic Simulation for a 95 percent confidence interval.,,,,,,
