Table 4-75:  Approach 2 Quantitative Uncertainty Estimates for CO2 Emissions from Ferroalloy Production (MMT CO2 Eq. and Percent) ,,,,,,,
,,,,,,,
,Source,Gas,2014 Emission Estimate,Uncertainty Range Relative to Emission Estimatea,,,
,,,(MMT CO2 Eq.),(MMT CO2 Eq.),,(%),
,,,,Lower Bound,Upper Bound,Lower Bound,Upper Bound
,Ferroalloy Production,CO2,1.9,1.7,2.1,-12%,12%
,Ferroalloy Production,CH4,+,+,+,-12%,12%
,+ Does not exceed 0.05 MMT CO2 Eq.,,,,,,
,a Range of emission estimates predicted by Monte Carlo Stochastic Simulation for a 95 percent confidence interval.,,,,,,
