Table 4-97:  Approach 2 Quantitative Uncertainty Estimates for HFC and PFC Emissions from ODS Substitutes (MMT CO2 Eq. and Percent),,,,,,,
,,,,,,,
,Source,Gases,2014 Emission Estimate,Uncertainty Range Relative to Emission Estimateb,,,
,,,(MMT CO2 Eq.)a,(MMT CO2 Eq.),,(%),
,,,,Lower,Upper,Lower,Upper
,,,,Bound,Bound,Bound,Bound
,Substitution of Ozone Depleting Substances,HFCs and PFCs,156.4,154.2,172.5,-1.40%,10.30%
,"a 2014 emission estimates and the uncertainty range presented in this table correspond to selected end-uses within the aerosols, foams, solvents, fire extinguishing agents, and refrigerants sectors that comprise 97 percent of total emissions, but not for other remaining categories.  Therefore, because the uncertainty associated with emissions from �other� ODS substitutes was not estimated, they were excluded in the uncertainty estimates reported in this table.",,,,,,
,b Range of emission estimates predicted by Monte Carlo Stochastic Simulation for a 95 percent confidence interval.,,,,,,
