Table 4-42:  Approach 2 Quantitative Uncertainty Estimates for CO2 Emissions from Soda Ash Production and Consumption (MMT CO2 Eq. and Percent),,,,,,,
,,,,,,,
,Source,Gas,2014 Emission Estimate,Uncertainty Range Relative to Emission Estimatea,,,
,,,(MMT CO2 Eq.),(MMT CO2 Eq.),,(%),
,,,,Lower Bound,Upper Bound,Lower Bound,Upper Bound
,Soda Ash Production and Consumption,CO2,2.8,2.5,2.9,-7%,6%
,a Range of emission estimates predicted by Monte Carlo Stochastic Simulation for a 95 percent confidence interval.,,,,,,
