Table 6-44:  Emissions from Peatlands Remaining Peatlands (kt),,,,,,,,,,,,,,,,,,,,,,,,,,
,,,,,,,,,,,,,,,,,,,,,,,,,,
,Gas,1990,1991,1992,1993,1994,1995,1996,1997,1998,1999,2000,2001,2002,2003,2004,2005,2006,2007,2008,2009,2010,2011,2012,2013,2014
,CO2,"1,055",975,932,996,943,"1,053",898,"1,072","1,123","1,197","1,271","1,179","1,034","1,014","1,151","1,101",890,"1,029","1,001","1,024","1,022",926,812,770,842
,      Off-site,985,910,870,931,882,986,840,"1,003","1,051","1,121","1,189","1,103",968,949,"1,075","1,030",832,962,936,957,956,866,760,720,787
,      On-site,70,65,63,65,61,67,58,69,72,76,82,76,67,66,76,71,58,67,65,67,66,60,53,50,55
,N2O (On-site),+,+ ,+ ,+ ,+ ,+ ,+ ,+ ,+ ,+ ,+ ,+ ,+ ,+ ,+ ,+,+ ,+ ,+ ,+ ,+,+,+,+,+
,CH4 (On-site),+,+ ,+ ,+ ,+ ,+ ,+ ,+ ,+ ,+ ,+ ,+ ,+ ,+ ,+ ,+,+ ,+ ,+ ,+ ,+,+,+,+,+
,+ Does not exceed 0.5 kt.,,,,,,,,,,,,,,,,,,,,,,,,,
,"Notes:  These numbers are based on U.S. production data in accordance with Tier 1 guidelines, which does not take into account imports, exports, and stockpiles (i.e., apparent consumption).  Off-site N2O emissions are not estimated to avoid double-counting N2O emitted from the fertilizer that the peat is mixed with prior to horticultural use (see IPCC 2006).  Totals may not sum due to independent rounding.",,,,,,,,,,,,,,,,,,,,,,,,,
