Table 6-24:  Net CO2 Flux from Soil C Stock Changes in Cropland Remaining Cropland (MMT C),,,,,,,,,,,,,,,,,,,,,,,,,,
,,,,,,,,,,,,,,,,,,,,,,,,,,
,Soil Type,1990,1991,1992,1993,1994,1995,1996,1997,1998,1999,2000,2001,2002,2003,2004,2005,2006,2007,2008,2009,2010,2011,2012,2013,2014
,Mineral Soils,-17,-17.4,-17.9,-12.1,-15.1,-13.5,-15.5,-15,-11.1,-14.5,-15.9,-15.7,-13.4,-10.7,-11.9,-11.7,-11.5,-11.6,-9.2,-7.2,-7.1,-11,-10.6,-10.1,-9.9
,Organic Soils,7.6,7.5,7.5,7.4,7.4,7.4,7.4,7.3,7.4,7.2,7.2,7.4,7.5,7.5,7.9,7.8,7.8,7.5,7.4,7.6,7.6,7.6,7.6,7.6,7.6
,Total Net Flux,-9.4,-9.9,-10.4,-4.6,-7.7,-6.1,-8.1,-7.6,-3.7,-7.3,-8.7,-8.3,-5.9,-3.1,-4,-3.8,-3.8,-4,-1.8,0.4,0.5,-3.4,-3,-2.5,-2.3
,Notes:  Estimates after 2010 are based on NRI data from 2010 and therefore may not fully reflect changes occurring in the latter part of the time series. Totals may not sum due to independent rounding. Parentheses indicate net sequestration.,,,,,,,,,,,,,,,,,,,,,,,,,
