Table 6-17:  Quantitative Uncertainty Estimates of Non-CO2 Emissions from Forest Fires in Forest Land Remaining Forest Land (MMT CO2 Eq. and Percent),,,,,,,
,,,,,,,
,Source,Gas,2014 Emission Estimate,Uncertainty Range Relative to Emission Estimatea,,,
,,,(MMT CO2 Eq.),(MMT CO2 Eq.),,(%),
,,,,Lower,Upper,Lower,Upper
,,,,Bound,Bound,Bound,Bound
,Non-CO2 Emissions from Forest Fires,CH4,7.3,1,20.1,-86%,174%
,Non-CO2 Emissions from Forest Fires,N2O,4.8,1.2,12.4,-76%,157%
,a Range of flux estimates predicted by Monte Carlo Stochastic Simulation for a 95 percent confidence interval.,,,,,,
