"Table 6-47:  Approach 2 Quantitative Uncertainty Estimates for CO2, CH4, and N2O Emissions from Peatlands Remaining Peatlands (MMT CO2 Eq. and Percent)",,,,,,,
,,,,,,,
,Source,Gas,2014 Emission Estimate,Uncertainty Range Relative to Emission Estimatea,,,
,,,(MMT CO2 Eq.),(MMT CO2 Eq.),,(%),
,,,,Lower Bound,Upper Bound,Lower Bound,Upper Bound
,Peatlands Remaining Peatlands,CO2,0.8,0.7,1,-14%,19%
,Peatlands Remaining Peatlands,CH4,+,+,+,-62%,61%
,Peatlands Remaining Peatlands,N2O,+,+,+,-51%,61%
,+ Does not exceed 0.05 MMT CO2 Eq.,,,,,,
,a Range of emission estimates predicted by Monte Carlo Stochastic Simulation for a 95 percent confidence interval.,,,,,,
