Table 6-50:  Approach 2 Quantitative Uncertainty Estimates for Net C Flux from Changes in C Stocks in Urban Trees (MMT�CO2�Eq. and Percent),,,,,,,
,,,,,,,
,Source,Gas,2014 Flux Estimate,Uncertainty Range Relative to Flux Estimatea,,,
,,,(MMT CO2 Eq.),(MMT CO2 Eq.),,(%),
,,,,Lower Bound,Upper Bound,Lower Bound,Upper Bound
,Changes in C Stocks in Urban Trees,CO2,-90.6,-134,-47.4,-51%,46%
,a Range of flux estimates predicted by Monte Carlo Stochastic Simulation for a 95 percent confidence interval.,,,,,,
,Note:  Parentheses indicate negative values or net sequestration.,,,,,,
