Table 6-29:  Approach 2 Quantitative Uncertainty Estimates for CO2 Emissions from Liming (MMT CO2 Eq. and Percent),,,,,,
,,,,,,
Source,Gas,2014 Emission Estimate,Uncertainty Range Relative to Emission Estimatea,,,
,,(MMT CO2 Eq.),(MMT CO2 Eq.),,(%),
,,,Lower Bound,Upper Bound,Lower Bound,Upper Bound
Limingb,CO2,4.1,-0.5,7.8,-111%,88%
a Range of emission estimates predicted by Monte Carlo Stochastic Simulation for a 95 percent confidence interval.,,,,,,
"b Includes emissions from liming on Land Converted to Cropland, Grassland Remaining Grassland, Land Converted to Grassland, Settlements Remaining Settlements, Forest Land Remaining Forest Land and Land Converted to Forest Land, as it is not possible to subdivide the data by land-use category.",,,,,,
