Table 6-39:  Approach 2 Quantitative Uncertainty Estimates for C Stock Changes Occurring Within Grassland Remaining Grassland (MMT CO2 Eq. and Percent),,,,,,
,,,,,,
,Source,2014 Flux Estimate,Uncertainty Range Relative to Flux Estimatea,,,
,,(MMT CO2 Eq.),(MMT CO2 Eq.),,(%),
,,,Lower Bound,Upper Bound,Lower Bound,Upper Bound
,"Mineral Soil C Stocks Grassland Remaining Grassland, Tier 3 Methodology",1.1,-35.8,38,-3401%,3401%
,"Mineral Soil  C Stocks: Grassland Remaining Grassland, Tier 2 Methodology",-0.3,-8.8,9.3,-3307%,3680%
,"Mineral Soil C Stocks: Grassland Remaining Grassland, Tier 2 Methodology (Change in Soil C due to Sewage Sludge Amendments)",-1.4,-2.1,-0.7,-50%,50%
,"Organic Soil C Stocks: Grassland Remaining Grassland, Tier 2 Methodology",4.3,2.2,7.2,-49%,66%
,Combined Uncertainty for Flux Associated with Agricultural Soil Carbon Stock Change in Grassland Remaining Grassland,3.8,-34.2,42,-1006%,1013%
,a Range of C stock change estimates predicted by Monte Carlo Stochastic Simulation for a 95 percent confidence interval.,,,,,
,Notes: Totals may not sum due to independent rounding.  Parentheses indicate negative values.,,,,,
