Table 1-6:  IPCC Sector Descriptions,,
,,
,Chapter/IPCC Sector,Activities Included
,Energy,"Emissions of all greenhouse gases resulting from stationary and mobile energy activities including fuel combustion and fugitive fuel emissions, and non-energy use of fossil fuels."
,Industrial Processes and Product Use,Emissions resulting from industrial processes and product use of greenhouse gases. 
,Agriculture,"Anthropogenic emissions from agricultural activities except fuel combustion, which is addressed under Energy."
,"Land Use, Land-Use Change, and Forestry","Emissions and removals of CO2, CH4, and N2O from forest management, other land-use activities, and land-use change."
,Waste,Emissions from waste management activities.
