Table 5-14:  Approach 2 Quantitative Uncertainty Estimates for CH4 Emissions from Rice Cultivation (MMT CO2 Eq. and Percent),,,,,,,,
,,,,,,,,
,Source,Inventory,Gas,2014 Emission,Uncertainty Range Relative to Emission Estimatea,,,
,,Method,,Estimate,,,,
,,,,(MMT CO2 Eq.),(MMT CO2 Eq.),,(%),
,,,,,Lower Bound,Upper Bound,Lower Bound,Upper Bound
,Rice Cultivation,Tier 3,CH4,10.7,8.8,12.6,-18%,18%
,Rice Cultivation,Tier 1,CH4,1.2,0.8,1.6,-33%,40%
,Rice Cultivation,Total,CH4,11.9,9.9,13.9,-17%,17%
,a Range of emission estimates predicted by Monte Carlo Stochastic Simulation for a 95 percent confidence interval.,,,,,,,
