Table 5-8:  Approach 2 Quantitative Uncertainty Estimates for CH4 and N2O (Direct and Indirect) Emissions from Manure Management (MMT CO2 Eq. and Percent),,,,,,,
,,,,,,,
,Source,Gas,2014 Emission Estimate,Uncertainty Range Relative to Emission Estimatea,,,
,,,(MMT CO2 Eq.),(MMT CO2 Eq.),,(%),
,,,,Lower,Upper,Lower,Upper
,,,,Bound,Bound,Bound,Bound
,Manure Management,CH4,61.2,50.2,73.4,-18%,20%
,Manure Management,N2O,17.5,14.7,21.7,-16%,24%
,a Range of emission estimates predicted by Monte Carlo Stochastic Simulation for a 95 percent confidence interval.,,,,,,
