Table 5-19:  Quantitative Uncertainty Estimates of N2O Emissions from Agricultural Soil Management in 2014 (MMT CO2 Eq. and Percent),,,,,,,
,,,,,,,
,Source,Gas,2014 Emission Estimate,Uncertainty Range Relative to Emission Estimate,,,
,,,(MMT CO2 Eq.),(MMT CO2 Eq.),,(%),
,,,,Lower,Upper,Lower,Upper
,,,,Bound,Bound,Bound,Bound
,Direct Soil N2O Emissions,N2O,261,219.4,323.8,-16%,24%
,Indirect Soil N2O Emissions,N2O,57.3,30.6,137,-47%,139%
,"Notes: Due to lack of data, uncertainties in managed manure N production, PRP manure N production, other organic fertilizer amendments, and sewage sludge amendments to soils are currently treated as certain; these sources of uncertainty will be included in future Inventories.",,,,,,
